Role,Age,Feature,Mean,CI25,CI975,Num_full_sentence,Num_of_sentence
Target_Child,13,Duplicate,0.0,0.0,0.0,2,390
Target_Child,13,Duplicate_annotation,0.0,0.0,0.0,2,390
Target_Child,13,Pre,0.0,0.0,0.0,2,390
Target_Child,13,Pre_annotation,0.0,0.0,0.0,2,390
Target_Child,13,Post,0.0,0.0,0.0,2,390
Target_Child,13,Post_annotation,0.0,0.0,0.0,2,390
Target_Child,13,Inter,0.0,0.0,0.0,2,390
Target_Child,13,Inter_annotation,0.0,0.0,0.0,2,390
Target_Child,23,Duplicate,0.060257,0.0,0.18,1631,13771
Target_Child,23,Duplicate_annotation,0.060257,0.0,0.18,1631,13771
Target_Child,23,Pre,0.491267,0.18,0.86,1631,13771
Target_Child,23,Pre_annotation,0.430372,0.12,0.8,1631,13771
Target_Child,23,Post,0.549462,0.25,0.92,1631,13771
Target_Child,23,Post_annotation,0.245893,0.06,0.49,1631,13771
Target_Child,23,Inter,6.682377,5.52,7.97,1631,13771
Target_Child,23,Inter_annotation,6.376024,5.21,7.6,1631,13771
Target_Child,32,Duplicate,1.284226,0.88,1.75,3198,18579
Target_Child,32,Duplicate_annotation,0.689458,0.41,1.0,3198,18579
Target_Child,32,Pre,3.161406,2.5,3.85,3198,18579
Target_Child,32,Pre_annotation,2.220137,1.69,2.75,3198,18579
Target_Child,32,Post,0.656926,0.38,0.97,3198,18579
Target_Child,32,Post_annotation,0.157288,0.03,0.31,3198,18579
Target_Child,32,Inter,12.566601,11.41,13.73,3198,18579
Target_Child,32,Inter_annotation,12.410208,11.26,13.57,3198,18579
Target_Child,57,Duplicate,1.981631,1.75,2.22,16356,76617
Target_Child,57,Duplicate_annotation,0.770886,0.64,0.91,16356,76617
Target_Child,57,Pre,3.656277,3.34,3.97,16356,76617
Target_Child,57,Pre_annotation,2.714429,2.46,2.97,16356,76617
Target_Child,57,Post,2.391558,2.15,2.64,16356,76617
Target_Child,57,Post_annotation,0.703016,0.58,0.84,16356,76617
Target_Child,57,Inter,13.71912,13.2,14.26,16356,76617
Target_Child,57,Inter_annotation,13.401076,12.89,13.94,16356,76617
Target_Child,42,Duplicate,1.14903,0.69,1.61,2169,8915
Target_Child,42,Duplicate_annotation,0.597423,0.28,0.97,2169,8915
Target_Child,42,Pre,3.452241,2.67,4.29,2169,8915
Target_Child,42,Pre_annotation,1.935539,1.34,2.54,2169,8915
Target_Child,42,Post,1.242892,0.78,1.75,2169,8915
Target_Child,42,Post_annotation,0.228184,0.05,0.46,2169,8915
Target_Child,42,Inter,12.776788,11.39,14.25,2169,8915
Target_Child,42,Inter_annotation,12.639709,11.25,14.11,2169,8915
Target_Child,51,Duplicate,1.675566,1.08,2.37,1853,8180
Target_Child,51,Duplicate_annotation,0.865422,0.43,1.35,1853,8180
Target_Child,51,Pre,4.583584,3.62,5.61,1853,8180
Target_Child,51,Pre_annotation,3.01994,2.21,3.89,1853,8180
Target_Child,51,Post,1.673744,1.03,2.37,1853,8180
Target_Child,51,Post_annotation,0.216693,0.05,0.43,1853,8180
Target_Child,51,Inter,16.030124,14.41,17.75,1853,8180
Target_Child,51,Inter_annotation,15.759539,14.14,17.49,1853,8180
Target_Child,8,Duplicate,0.0,0.0,0.0,1,746
Target_Child,8,Duplicate_annotation,0.0,0.0,0.0,1,746
Target_Child,8,Pre,0.0,0.0,0.0,1,746
Target_Child,8,Pre_annotation,0.0,0.0,0.0,1,746
Target_Child,8,Post,0.0,0.0,0.0,1,746
Target_Child,8,Post_annotation,0.0,0.0,0.0,1,746
Target_Child,8,Inter,0.0,0.0,0.0,1,746
Target_Child,8,Inter_annotation,0.0,0.0,0.0,1,746
Target_Child,34,Duplicate,1.26115,0.86,1.69,3492,17608
Target_Child,34,Duplicate_annotation,0.600815,0.34,0.89,3492,17608
Target_Child,34,Pre,3.549707,2.92,4.24,3492,17608
Target_Child,34,Pre_annotation,1.947373,1.49,2.43,3492,17608
Target_Child,34,Post,0.372569,0.17,0.57,3492,17608
Target_Child,34,Post_annotation,0.057844,0.0,0.14,3492,17608
Target_Child,34,Inter,16.4363,15.21,17.7,3492,17608
Target_Child,34,Inter_annotation,16.235607,15.03,17.47,3492,17608
Target_Child,30,Duplicate,0.652451,0.42,0.91,4306,28170
Target_Child,30,Duplicate_annotation,0.372636,0.21,0.56,4306,28170
Target_Child,30,Pre,2.581328,2.11,3.09,4306,28170
Target_Child,30,Pre_annotation,2.16229,1.74,2.6,4306,28170
Target_Child,30,Post,0.233411,0.09,0.39,4306,28170
Target_Child,30,Post_annotation,0.070664,0.0,0.16,4306,28170
Target_Child,30,Inter,10.540962,9.64,11.47,4306,28170
Target_Child,30,Inter_annotation,10.309476,9.43,11.24,4306,28170
Target_Child,28,Duplicate,0.897131,0.47,1.44,2785,20930
Target_Child,28,Duplicate_annotation,0.39328,0.18,0.68,2785,20930
Target_Child,28,Pre,2.694501,1.97,3.45,2785,20930
Target_Child,28,Pre_annotation,1.652105,1.18,2.15,2785,20930
Target_Child,28,Post,0.468213,0.25,0.75,2785,20930
Target_Child,28,Post_annotation,0.108337,0.0,0.25,2785,20930
Target_Child,28,Inter,8.005979,7.0,9.01,2785,20930
Target_Child,28,Inter_annotation,7.681929,6.71,8.65,2785,20930
Target_Child,24,Duplicate,0.372479,0.17,0.62,2421,23172
Target_Child,24,Duplicate_annotation,0.208497,0.04,0.41,2421,23172
Target_Child,24,Pre,1.157552,0.7,1.65,2421,23172
Target_Child,24,Pre_annotation,0.950241,0.58,1.36,2421,23172
Target_Child,24,Post,0.618854,0.33,0.95,2421,23172
Target_Child,24,Post_annotation,0.371415,0.17,0.62,2421,23172
Target_Child,24,Inter,5.658618000000001,4.75,6.61,2421,23172
Target_Child,24,Inter_annotation,5.330305,4.46,6.24,2421,23172
Target_Child,63,Duplicate,1.4008720000000001,0.62,2.33,644,3055
Target_Child,63,Duplicate_annotation,0.318057,0.0,0.78,644,3055
Target_Child,63,Pre,4.824868,3.11,6.68,644,3055
Target_Child,63,Pre_annotation,3.579671,2.17,5.12,644,3055
Target_Child,63,Post,1.864853,0.93,2.95,644,3055
Target_Child,63,Post_annotation,0.468664,0.0,1.09,644,3055
Target_Child,63,Inter,17.570639,14.6,20.5,644,3055
Target_Child,63,Inter_annotation,17.416261,14.44,20.34,644,3055
Target_Child,53,Duplicate,1.453246,0.8,2.18,1379,5811
Target_Child,53,Duplicate_annotation,0.724649,0.29,1.23,1379,5811
Target_Child,53,Pre,4.424368,3.34,5.51,1379,5811
Target_Child,53,Pre_annotation,3.486893,2.54,4.5,1379,5811
Target_Child,53,Post,1.889982,1.23,2.61,1379,5811
Target_Child,53,Post_annotation,0.579853,0.22,1.02,1379,5811
Target_Child,53,Inter,16.030993,14.14,18.06,1379,5811
Target_Child,53,Inter_annotation,15.957931,14.07,17.91,1379,5811
Target_Child,40,Duplicate,0.42704,0.21,0.67,2819,12283
Target_Child,40,Duplicate_annotation,0.17847,0.04,0.35,2819,12283
Target_Child,40,Pre,2.769353,2.16,3.41,2819,12283
Target_Child,40,Pre_annotation,1.596022,1.17,2.06,2819,12283
Target_Child,40,Post,0.815482,0.5,1.17,2819,12283
Target_Child,40,Post_annotation,0.212588,0.07,0.39,2819,12283
Target_Child,40,Inter,12.830826,11.64,14.08,2819,12283
Target_Child,40,Inter_annotation,12.546214,11.35,13.76,2819,12283
Target_Child,39,Duplicate,0.915542,0.58,1.31,3282,15928
Target_Child,39,Duplicate_annotation,0.490734,0.27,0.73,3282,15928
Target_Child,39,Pre,2.838086,2.25,3.47,3282,15928
Target_Child,39,Pre_annotation,2.04452,1.55,2.56,3282,15928
Target_Child,39,Post,0.550126,0.3,0.82,3282,15928
Target_Child,39,Post_annotation,0.030036,0.0,0.09,3282,15928
Target_Child,39,Inter,13.128999,11.97,14.32,3282,15928
Target_Child,39,Inter_annotation,12.945815,11.79,14.11,3282,15928
Target_Child,43,Duplicate,0.968402,0.48,1.59,2070,8638
Target_Child,43,Duplicate_annotation,0.435318,0.14,0.82,2070,8638
Target_Child,43,Pre,3.043333,2.32,3.82,2070,8638
Target_Child,43,Pre_annotation,1.885597,1.3,2.51,2070,8638
Target_Child,43,Post,0.965125,0.53,1.5,2070,8638
Target_Child,43,Post_annotation,0.144093,0.0,0.34,2070,8638
Target_Child,43,Inter,15.064209,13.53,16.62,2070,8638
Target_Child,43,Inter_annotation,14.824395,13.29,16.38,2070,8638
Target_Child,14,Duplicate,0.0,0.0,0.0,3,1337
Target_Child,14,Duplicate_annotation,0.0,0.0,0.0,3,1337
Target_Child,14,Pre,0.0,0.0,0.0,3,1337
Target_Child,14,Pre_annotation,0.0,0.0,0.0,3,1337
Target_Child,14,Post,0.0,0.0,0.0,3,1337
Target_Child,14,Post_annotation,0.0,0.0,0.0,3,1337
Target_Child,14,Inter,0.0,0.0,0.0,3,1337
Target_Child,14,Inter_annotation,0.0,0.0,0.0,3,1337
Target_Child,15,Duplicate,0.0,0.0,0.0,1,945
Target_Child,15,Duplicate_annotation,0.0,0.0,0.0,1,945
Target_Child,15,Pre,0.0,0.0,0.0,1,945
Target_Child,15,Pre_annotation,0.0,0.0,0.0,1,945
Target_Child,15,Post,0.0,0.0,0.0,1,945
Target_Child,15,Post_annotation,0.0,0.0,0.0,1,945
Target_Child,15,Inter,0.0,0.0,0.0,1,945
Target_Child,15,Inter_annotation,0.0,0.0,0.0,1,945
Target_Child,67,Duplicate,1.910279,1.05,2.87,1047,5248
Target_Child,67,Duplicate_annotation,0.669142,0.19,1.24,1047,5248
Target_Child,67,Pre,3.921195,2.67,5.25,1047,5248
Target_Child,67,Pre_annotation,3.349519,2.29,4.49,1047,5248
Target_Child,67,Post,1.435638,0.76,2.2,1047,5248
Target_Child,67,Post_annotation,0.28704,0.0,0.67,1047,5248
Target_Child,67,Inter,16.908564,14.71,19.29,1047,5248
Target_Child,67,Inter_annotation,16.813,14.61,19.2,1047,5248
Target_Child,41,Duplicate,0.632528,0.34,0.97,2376,9930
Target_Child,41,Duplicate_annotation,0.29434,0.08,0.55,2376,9930
Target_Child,41,Pre,2.268368,1.73,2.9,2376,9930
Target_Child,41,Pre_annotation,1.4706919999999999,1.01,1.98,2376,9930
Target_Child,41,Post,0.799386,0.46,1.18,2376,9930
Target_Child,41,Post_annotation,0.251949,0.08,0.46,2376,9930
Target_Child,41,Inter,13.337554,11.95,14.73,2376,9930
Target_Child,41,Inter_annotation,13.085742,11.74,14.48,2376,9930
Target_Child,50,Duplicate,1.121058,0.69,1.6,1878,8241
Target_Child,50,Duplicate_annotation,0.586467,0.27,0.96,1878,8241
Target_Child,50,Pre,2.768857,2.02,3.57,1878,8241
Target_Child,50,Pre_annotation,2.29059,1.6,2.98,1878,8241
Target_Child,50,Post,1.490765,0.96,2.08,1878,8241
Target_Child,50,Post_annotation,0.426503,0.16,0.75,1878,8241
Target_Child,50,Inter,13.258015,11.77,14.8,1878,8241
Target_Child,50,Inter_annotation,13.204522,11.71,14.75,1878,8241
Target_Child,58,Duplicate,1.362976,0.75,2.05,1462,6253
Target_Child,58,Duplicate_annotation,0.412675,0.14,0.75,1462,6253
Target_Child,58,Pre,3.28027,2.33,4.24,1462,6253
Target_Child,58,Pre_annotation,1.853064,1.23,2.53,1462,6253
Target_Child,58,Post,1.568203,0.96,2.26,1462,6253
Target_Child,58,Post_annotation,0.477619,0.14,0.89,1462,6253
Target_Child,58,Inter,16.689875,14.84,18.67,1462,6253
Target_Child,58,Inter_annotation,16.277014,14.43,18.19,1462,6253
Target_Child,9,Duplicate,0.0,0.0,0.0,4,787
Target_Child,9,Duplicate_annotation,0.0,0.0,0.0,4,787
Target_Child,9,Pre,0.0,0.0,0.0,4,787
Target_Child,9,Pre_annotation,0.0,0.0,0.0,4,787
Target_Child,9,Post,0.0,0.0,0.0,4,787
Target_Child,9,Post_annotation,0.0,0.0,0.0,4,787
Target_Child,9,Inter,0.0,0.0,0.0,4,787
Target_Child,9,Inter_annotation,0.0,0.0,0.0,4,787
Target_Child,22,Duplicate,0.68624,0.17,1.29,1164,12603
Target_Child,22,Duplicate_annotation,0.514245,0.17,0.95,1164,12603
Target_Child,22,Pre,1.545296,0.86,2.32,1164,12603
Target_Child,22,Pre_annotation,1.288187,0.69,1.98,1164,12603
Target_Child,22,Post,0.087162,0.0,0.26,1164,12603
Target_Child,22,Post_annotation,0.087162,0.0,0.26,1164,12603
Target_Child,22,Inter,6.870539,5.41,8.33,1164,12603
Target_Child,22,Inter_annotation,6.181526,4.81,7.56,1164,12603
Target_Child,10,Duplicate,0.0,0.0,0.0,12,409
Target_Child,10,Duplicate_annotation,0.0,0.0,0.0,12,409
Target_Child,10,Pre,8.250167000000001,0.0,25.0,12,409
Target_Child,10,Pre_annotation,0.0,0.0,0.0,12,409
Target_Child,10,Post,0.0,0.0,0.0,12,409
Target_Child,10,Post_annotation,0.0,0.0,0.0,12,409
Target_Child,10,Inter,0.0,0.0,0.0,12,409
Target_Child,10,Inter_annotation,0.0,0.0,0.0,12,409
Target_Child,31,Duplicate,1.413388,1.0,1.9,3110,17259
Target_Child,31,Duplicate_annotation,0.835874,0.51,1.19,3110,17259
Target_Child,31,Pre,4.082354,3.34,4.89,3110,17259
Target_Child,31,Pre_annotation,3.021276,2.41,3.67,3110,17259
Target_Child,31,Post,0.739067,0.42,1.09,3110,17259
Target_Child,31,Post_annotation,0.192227,0.06,0.35,3110,17259
Target_Child,31,Inter,13.044483,11.9,14.24,3110,17259
Target_Child,31,Inter_annotation,12.917443,11.77,14.12,3110,17259
Target_Child,27,Duplicate,0.478764,0.2,0.8,2515,18164
Target_Child,27,Duplicate_annotation,0.280008,0.08,0.52,2515,18164
Target_Child,27,Pre,1.430235,0.95,1.95,2515,18164
Target_Child,27,Pre_annotation,1.111367,0.72,1.55,2515,18164
Target_Child,27,Post,0.559389,0.28,0.87,2515,18164
Target_Child,27,Post_annotation,0.358665,0.16,0.6,2515,18164
Target_Child,27,Inter,8.343227,7.24,9.42,2515,18164
Target_Child,27,Inter_annotation,8.146198,7.08,9.22,2515,18164
Target_Child,45,Duplicate,1.183283,0.78,1.64,2444,11109
Target_Child,45,Duplicate_annotation,0.448558,0.2,0.74,2444,11109
Target_Child,45,Pre,2.128425,1.55,2.74,2444,11109
Target_Child,45,Pre_annotation,1.430611,0.98,1.92,2444,11109
Target_Child,45,Post,1.468377,0.98,2.0,2444,11109
Target_Child,45,Post_annotation,0.44890399999999997,0.2,0.74,2444,11109
Target_Child,45,Inter,14.934581,13.54,16.37,2444,11109
Target_Child,45,Inter_annotation,14.934581,13.54,16.37,2444,11109
Target_Child,36,Duplicate,1.188135,0.82,1.61,3781,18648
Target_Child,36,Duplicate_annotation,0.633762,0.4,0.9,3781,18648
Target_Child,36,Pre,3.702474,3.04,4.42,3781,18648
Target_Child,36,Pre_annotation,2.672243,2.14,3.23,3781,18648
Target_Child,36,Post,0.396415,0.19,0.63,3781,18648
Target_Child,36,Post_annotation,0.053506,0.0,0.13,3781,18648
Target_Child,36,Inter,10.579386,9.6,11.58,3781,18648
Target_Child,36,Inter_annotation,10.421385,9.44,11.4,3781,18648
Target_Child,37,Duplicate,1.501028,1.06,2.0,3401,14903
Target_Child,37,Duplicate_annotation,0.795464,0.5,1.12,3401,14903
Target_Child,37,Pre,4.149139,3.38,4.97,3401,14903
Target_Child,37,Pre_annotation,2.796208,2.23,3.38,3401,14903
Target_Child,37,Post,0.765262,0.47,1.09,3401,14903
Target_Child,37,Post_annotation,0.149138,0.03,0.29,3401,14903
Target_Child,37,Inter,10.877746,9.85,11.94,3401,14903
Target_Child,37,Inter_annotation,10.818382,9.79,11.88,3401,14903
Target_Child,20,Duplicate,0.0,0.0,0.0,483,8928
Target_Child,20,Duplicate_annotation,0.0,0.0,0.0,483,8928
Target_Child,20,Pre,0.20704899999999998,0.0,0.62,483,8928
Target_Child,20,Pre_annotation,0.0,0.0,0.0,483,8928
Target_Child,20,Post,0.0,0.0,0.0,483,8928
Target_Child,20,Post_annotation,0.0,0.0,0.0,483,8928
Target_Child,20,Inter,2.476477,1.24,3.93,483,8928
Target_Child,20,Inter_annotation,2.476477,1.24,3.93,483,8928
Target_Child,38,Duplicate,1.321016,0.93,1.79,3023,13071
Target_Child,38,Duplicate_annotation,0.659016,0.36,0.99,3023,13071
Target_Child,38,Pre,3.833011,3.11,4.6,3023,13071
Target_Child,38,Pre_annotation,2.541699,1.95,3.14,3023,13071
Target_Child,38,Post,0.39659300000000003,0.2,0.63,3023,13071
Target_Child,38,Post_annotation,0.03298,0.0,0.1,3023,13071
Target_Child,38,Inter,10.024247,8.96,11.11,3023,13071
Target_Child,38,Inter_annotation,9.759704,8.73,10.85,3023,13071
Target_Child,72,Duplicate,1.083459,0.48,1.81,828,3469
Target_Child,72,Duplicate_annotation,0.600948,0.12,1.21,828,3469
Target_Child,72,Pre,2.178187,1.21,3.26,828,3469
Target_Child,72,Pre_annotation,1.694493,0.85,2.66,828,3469
Target_Child,72,Post,1.207481,0.48,2.05,828,3469
Target_Child,72,Post_annotation,0.0,0.0,0.0,828,3469
Target_Child,72,Inter,11.717304,9.54,13.89,828,3469
Target_Child,72,Inter_annotation,11.717304,9.54,13.89,828,3469
Target_Child,21,Duplicate,0.592668,0.12,1.18,847,12384
Target_Child,21,Duplicate_annotation,0.35457299999999997,0.0,0.83,847,12384
Target_Child,21,Pre,0.7025049999999999,0.24,1.3,847,12384
Target_Child,21,Pre_annotation,0.352943,0.0,0.83,847,12384
Target_Child,21,Post,1.894239,1.06,2.83,847,12384
Target_Child,21,Post_annotation,1.182508,0.47,2.01,847,12384
Target_Child,21,Inter,3.072085,1.89,4.37,847,12384
Target_Child,21,Inter_annotation,2.718246,1.65,3.9,847,12384
Target_Child,16,Duplicate,0.0,0.0,0.0,48,2165
Target_Child,16,Duplicate_annotation,0.0,0.0,0.0,48,2165
Target_Child,16,Pre,0.0,0.0,0.0,48,2165
Target_Child,16,Pre_annotation,0.0,0.0,0.0,48,2165
Target_Child,16,Post,0.0,0.0,0.0,48,2165
Target_Child,16,Post_annotation,0.0,0.0,0.0,48,2165
Target_Child,16,Inter,2.098509,0.0,6.25,48,2165
Target_Child,16,Inter_annotation,2.098509,0.0,6.25,48,2165
Target_Child,12,Duplicate,0.0,0.0,0.0,1,814
Target_Child,12,Duplicate_annotation,0.0,0.0,0.0,1,814
Target_Child,12,Pre,0.0,0.0,0.0,1,814
Target_Child,12,Pre_annotation,0.0,0.0,0.0,1,814
Target_Child,12,Post,0.0,0.0,0.0,1,814
Target_Child,12,Post_annotation,0.0,0.0,0.0,1,814
Target_Child,12,Inter,0.0,0.0,0.0,1,814
Target_Child,12,Inter_annotation,0.0,0.0,0.0,1,814
Target_Child,33,Duplicate,1.524142,0.99,2.11,3225,15567
Target_Child,33,Duplicate_annotation,0.901414,0.56,1.27,3225,15567
Target_Child,33,Pre,3.257925,2.6,3.97,3225,15567
Target_Child,33,Pre_annotation,2.60454,2.05,3.19,3225,15567
Target_Child,33,Post,0.652975,0.34,1.02,3225,15567
Target_Child,33,Post_annotation,0.122832,0.03,0.25,3225,15567
Target_Child,33,Inter,14.333523,13.12,15.57,3225,15567
Target_Child,33,Inter_annotation,14.240402,13.05,15.47,3225,15567
Target_Child,54,Duplicate,2.092307,1.41,2.82,1770,8108
Target_Child,54,Duplicate_annotation,1.073593,0.62,1.58,1770,8108
Target_Child,54,Pre,3.049806,2.2,3.95,1770,8108
Target_Child,54,Pre_annotation,2.429197,1.69,3.22,1770,8108
Target_Child,54,Post,1.861441,1.24,2.54,1770,8108
Target_Child,54,Post_annotation,0.560072,0.23,0.96,1770,8108
Target_Child,54,Inter,15.032873,13.39,16.72,1770,8108
Target_Child,54,Inter_annotation,14.863964,13.28,16.55,1770,8108
Target_Child,18,Duplicate,0.0,0.0,0.0,179,7972
Target_Child,18,Duplicate_annotation,0.0,0.0,0.0,179,7972
Target_Child,18,Pre,0.0,0.0,0.0,179,7972
Target_Child,18,Pre_annotation,0.0,0.0,0.0,179,7972
Target_Child,18,Post,0.0,0.0,0.0,179,7972
Target_Child,18,Post_annotation,0.0,0.0,0.0,179,7972
Target_Child,18,Inter,2.80144,0.56,5.59,179,7972
Target_Child,18,Inter_annotation,2.80144,0.56,5.59,179,7972
Target_Child,52,Duplicate,2.36251,1.57,3.22,1399,6747
Target_Child,52,Duplicate_annotation,1.433985,0.79,2.14,1399,6747
Target_Child,52,Pre,4.941994,3.79,6.22,1399,6747
Target_Child,52,Pre_annotation,4.012665,3.0,5.15,1399,6747
Target_Child,52,Post,1.64438,1.0,2.36,1399,6747
Target_Child,52,Post_annotation,0.28642,0.0,0.64,1399,6747
Target_Child,52,Inter,14.945638,13.08,16.87,1399,6747
Target_Child,52,Inter_annotation,14.514127,12.65,16.37,1399,6747
Target_Child,19,Duplicate,0.422946,0.0,1.29,233,5997
Target_Child,19,Duplicate_annotation,0.0,0.0,0.0,233,5997
Target_Child,19,Pre,2.124387,0.43,4.72,233,5997
Target_Child,19,Pre_annotation,1.28076,0.0,3.0,233,5997
Target_Child,19,Post,0.0,0.0,0.0,233,5997
Target_Child,19,Post_annotation,0.0,0.0,0.0,233,5997
Target_Child,19,Inter,1.288218,0.0,3.0,233,5997
Target_Child,19,Inter_annotation,1.288218,0.0,3.0,233,5997
Target_Child,17,Duplicate,0.0,0.0,0.0,62,3823
Target_Child,17,Duplicate_annotation,0.0,0.0,0.0,62,3823
Target_Child,17,Pre,0.0,0.0,0.0,62,3823
Target_Child,17,Pre_annotation,0.0,0.0,0.0,62,3823
Target_Child,17,Post,0.0,0.0,0.0,62,3823
Target_Child,17,Post_annotation,0.0,0.0,0.0,62,3823
Target_Child,17,Inter,1.5973760000000001,0.0,4.84,62,3823
Target_Child,17,Inter_annotation,1.5973760000000001,0.0,4.84,62,3823
Target_Child,48,Duplicate,1.220432,0.8,1.68,2859,12774
Target_Child,48,Duplicate_annotation,0.487188,0.24,0.77,2859,12774
Target_Child,48,Pre,2.871866,2.24,3.57,2859,12774
Target_Child,48,Pre_annotation,1.925084,1.43,2.45,2859,12774
Target_Child,48,Post,1.220986,0.84,1.68,2859,12774
Target_Child,48,Post_annotation,0.17189000000000002,0.03,0.35,2859,12774
Target_Child,48,Inter,13.740317,12.49,15.01,2859,12774
Target_Child,48,Inter_annotation,13.599688,12.35,14.87,2859,12774
Target_Child,49,Duplicate,1.23377,0.68,1.91,1625,6914
Target_Child,49,Duplicate_annotation,0.36915,0.12,0.68,1625,6914
Target_Child,49,Pre,3.014526,2.09,4.06,1625,6914
Target_Child,49,Pre_annotation,1.782236,1.17,2.52,1625,6914
Target_Child,49,Post,0.984699,0.55,1.48,1625,6914
Target_Child,49,Post_annotation,0.184586,0.0,0.43,1625,6914
Target_Child,49,Inter,12.980203,11.38,14.65,1625,6914
Target_Child,49,Inter_annotation,12.796468,11.2,14.46,1625,6914
Target_Child,56,Duplicate,1.785563,0.94,2.73,954,4488
Target_Child,56,Duplicate_annotation,0.523478,0.1,1.05,954,4488
Target_Child,56,Pre,4.612003,3.25,6.18,954,4488
Target_Child,56,Pre_annotation,2.520021,1.57,3.56,954,4488
Target_Child,56,Post,1.577553,0.84,2.41,954,4488
Target_Child,56,Post_annotation,0.313882,0.0,0.73,954,4488
Target_Child,56,Inter,15.40682,13.1,17.71,954,4488
Target_Child,56,Inter_annotation,15.196615,13.0,17.51,954,4488
Target_Child,66,Duplicate,0.938226,0.35,1.64,853,3804
Target_Child,66,Duplicate_annotation,0.704571,0.23,1.29,853,3804
Target_Child,66,Pre,3.165764,2.11,4.34,853,3804
Target_Child,66,Pre_annotation,2.342715,1.41,3.4,853,3804
Target_Child,66,Post,1.166391,0.47,1.99,853,3804
Target_Child,66,Post_annotation,0.232291,0.0,0.59,853,3804
Target_Child,66,Inter,13.008393,10.79,15.24,853,3804
Target_Child,66,Inter_annotation,12.888529,10.67,15.12,853,3804
Target_Child,59,Duplicate,1.244128,0.69,1.94,1447,6646
Target_Child,59,Duplicate_annotation,0.41474,0.14,0.76,1447,6646
Target_Child,59,Pre,4.4160449999999996,3.39,5.6,1447,6646
Target_Child,59,Pre_annotation,3.101134,2.28,4.01,1447,6646
Target_Child,59,Post,1.242618,0.62,1.94,1447,6646
Target_Child,59,Post_annotation,0.3455,0.07,0.69,1447,6646
Target_Child,59,Inter,16.656289,14.79,18.59,1447,6646
Target_Child,59,Inter_annotation,16.516482,14.65,18.45,1447,6646
Target_Child,68,Duplicate,0.912374,0.4,1.52,989,4008
Target_Child,68,Duplicate_annotation,0.606187,0.2,1.11,989,4008
Target_Child,68,Pre,2.633781,1.72,3.64,989,4008
Target_Child,68,Pre_annotation,2.229013,1.31,3.24,989,4008
Target_Child,68,Post,0.713964,0.2,1.31,989,4008
Target_Child,68,Post_annotation,0.0,0.0,0.0,989,4008
Target_Child,68,Inter,9.928403,8.09,11.83,989,4008
Target_Child,68,Inter_annotation,9.928403,8.09,11.83,989,4008
Target_Child,35,Duplicate,1.692294,1.2,2.22,2837,13711
Target_Child,35,Duplicate_annotation,0.914537,0.56,1.27,2837,13711
Target_Child,35,Pre,4.647269,3.84,5.46,2837,13711
Target_Child,35,Pre_annotation,2.989034,2.36,3.67,2837,13711
Target_Child,35,Post,0.667979,0.35,1.02,2837,13711
Target_Child,35,Post_annotation,0.107116,0.0,0.25,2837,13711
Target_Child,35,Inter,13.785324,12.51,15.05,2837,13711
Target_Child,35,Inter_annotation,13.467094,12.2,14.7,2837,13711
Target_Child,69,Duplicate,0.898086,0.4,1.5,997,4485
Target_Child,69,Duplicate_annotation,0.699681,0.2,1.3,997,4485
Target_Child,69,Pre,3.408271,2.31,4.61,997,4485
Target_Child,69,Pre_annotation,2.91077,1.91,4.01,997,4485
Target_Child,69,Post,0.697643,0.2,1.2,997,4485
Target_Child,69,Post_annotation,0.0,0.0,0.0,997,4485
Target_Child,69,Inter,11.233436,9.33,13.24,997,4485
Target_Child,69,Inter_annotation,11.233436,9.33,13.24,997,4485
Target_Child,47,Duplicate,2.047737,1.43,2.71,1958,8193
Target_Child,47,Duplicate_annotation,0.821533,0.46,1.23,1958,8193
Target_Child,47,Pre,3.786617,2.91,4.7,1958,8193
Target_Child,47,Pre_annotation,2.305983,1.63,3.01,1958,8193
Target_Child,47,Post,1.532873,0.97,2.09,1958,8193
Target_Child,47,Post_annotation,0.256512,0.05,0.51,1958,8193
Target_Child,47,Inter,15.673665,14.1,17.31,1958,8193
Target_Child,47,Inter_annotation,15.418436,13.84,17.06,1958,8193
Target_Child,44,Duplicate,1.257624,0.84,1.68,2626,10725
Target_Child,44,Duplicate_annotation,0.381764,0.15,0.65,2626,10725
Target_Child,44,Pre,3.200618,2.55,3.88,2626,10725
Target_Child,44,Pre_annotation,2.208207,1.68,2.82,2626,10725
Target_Child,44,Post,1.333343,0.88,1.83,2626,10725
Target_Child,44,Post_annotation,0.228459,0.08,0.42,2626,10725
Target_Child,44,Inter,16.711483,15.35,18.13,2626,10725
Target_Child,44,Inter_annotation,16.711483,15.35,18.13,2626,10725
Target_Child,64,Duplicate,1.545238,0.64,2.56,780,3349
Target_Child,64,Duplicate_annotation,0.774422,0.26,1.41,780,3349
Target_Child,64,Pre,4.87623,3.21,6.67,780,3349
Target_Child,64,Pre_annotation,2.955749,1.79,4.23,780,3349
Target_Child,64,Post,1.66734,0.9,2.56,780,3349
Target_Child,64,Post_annotation,1.024437,0.38,1.79,780,3349
Target_Child,64,Inter,12.175234,9.87,14.49,780,3349
Target_Child,64,Inter_annotation,12.04631,9.74,14.36,780,3349
Target_Child,55,Duplicate,1.638033,1.01,2.33,1585,6836
Target_Child,55,Duplicate_annotation,0.630549,0.25,1.07,1585,6836
Target_Child,55,Pre,3.027959,2.21,3.91,1585,6836
Target_Child,55,Pre_annotation,2.399167,1.64,3.15,1585,6836
Target_Child,55,Post,2.207427,1.51,2.97,1585,6836
Target_Child,55,Post_annotation,0.128516,0.0,0.32,1585,6836
Target_Child,55,Inter,12.94121,11.36,14.64,1585,6836
Target_Child,55,Inter_annotation,12.624817,11.04,14.26,1585,6836
Target_Child,29,Duplicate,1.019323,0.65,1.43,3834,24889
Target_Child,29,Duplicate_annotation,0.652834,0.42,0.91,3834,24889
Target_Child,29,Pre,2.270224,1.77,2.82,3834,24889
Target_Child,29,Pre_annotation,1.745598,1.33,2.16,3834,24889
Target_Child,29,Post,0.519571,0.26,0.86,3834,24889
Target_Child,29,Post_annotation,0.103516,0.03,0.21,3834,24889
Target_Child,29,Inter,10.819644,9.83,11.82,3834,24889
Target_Child,29,Inter_annotation,10.402155,9.44,11.4,3834,24889
Target_Child,11,Duplicate,0.0,0.0,0.0,33,761
Target_Child,11,Duplicate_annotation,0.0,0.0,0.0,33,761
Target_Child,11,Pre,3.031818,0.0,9.09,33,761
Target_Child,11,Pre_annotation,3.031818,0.0,9.09,33,761
Target_Child,11,Post,3.044847,0.0,9.09,33,761
Target_Child,11,Post_annotation,0.0,0.0,0.0,33,761
Target_Child,11,Inter,0.0,0.0,0.0,33,761
Target_Child,11,Inter_annotation,0.0,0.0,0.0,33,761
Target_Child,70,Duplicate,0.679726,0.19,1.17,1029,4394
Target_Child,70,Duplicate_annotation,0.48572,0.1,0.97,1029,4394
Target_Child,70,Pre,2.532646,1.65,3.6,1029,4394
Target_Child,70,Pre_annotation,2.044069,1.17,3.01,1029,4394
Target_Child,70,Post,0.971329,0.39,1.65,1029,4394
Target_Child,70,Post_annotation,0.096573,0.0,0.29,1029,4394
Target_Child,70,Inter,11.165439,9.23,13.12,1029,4394
Target_Child,70,Inter_annotation,11.070608,9.14,13.02,1029,4394
Target_Child,7,Duplicate,0.0,0.0,0.0,3,665
Target_Child,7,Duplicate_annotation,0.0,0.0,0.0,3,665
Target_Child,7,Pre,0.0,0.0,0.0,3,665
Target_Child,7,Pre_annotation,0.0,0.0,0.0,3,665
Target_Child,7,Post,0.0,0.0,0.0,3,665
Target_Child,7,Post_annotation,0.0,0.0,0.0,3,665
Target_Child,7,Inter,33.352608,0.0,100.0,3,665
Target_Child,7,Inter_annotation,33.352608,0.0,100.0,3,665
Target_Child,26,Duplicate,0.891345,0.42,1.52,2361,13609
Target_Child,26,Duplicate_annotation,0.254068,0.08,0.47,2361,13609
Target_Child,26,Pre,1.781494,1.23,2.37,2361,13609
Target_Child,26,Pre_annotation,1.271668,0.8,1.74,2361,13609
Target_Child,26,Post,0.809664,0.3,1.52,2361,13609
Target_Child,26,Post_annotation,0.126673,0.0,0.3,2361,13609
Target_Child,26,Inter,6.850035,5.84,7.88,2361,13609
Target_Child,26,Inter_annotation,6.427502,5.46,7.41,2361,13609
Target_Child,25,Duplicate,0.263969,0.09,0.48,2282,15126
Target_Child,25,Duplicate_annotation,0.132974,0.0,0.31,2282,15126
Target_Child,25,Pre,1.582004,1.1,2.15,2282,15126
Target_Child,25,Pre_annotation,1.230183,0.79,1.71,2282,15126
Target_Child,25,Post,0.571085,0.26,0.92,2282,15126
Target_Child,25,Post_annotation,0.220274,0.04,0.44,2282,15126
Target_Child,25,Inter,5.822839,4.91,6.79,2282,15126
Target_Child,25,Inter_annotation,5.69135,4.78,6.66,2282,15126
Target_Child,60,Duplicate,1.01098,0.42,1.68,1187,5033
Target_Child,60,Duplicate_annotation,0.420032,0.08,0.84,1187,5033
Target_Child,60,Pre,3.537247,2.53,4.63,1187,5033
Target_Child,60,Pre_annotation,2.438028,1.6,3.37,1187,5033
Target_Child,60,Post,1.181981,0.59,1.85,1187,5033
Target_Child,60,Post_annotation,0.505545,0.17,0.93,1187,5033
Target_Child,60,Inter,12.647957,10.7,14.57,1187,5033
Target_Child,60,Inter_annotation,12.564142,10.7,14.49,1187,5033
Target_Child,65,Duplicate,1.643425,0.66,2.64,606,2536
Target_Child,65,Duplicate_annotation,0.49295500000000003,0.0,1.16,606,2536
Target_Child,65,Pre,2.472823,1.32,3.8,606,2536
Target_Child,65,Pre_annotation,1.81571,0.83,2.97,606,2536
Target_Child,65,Post,1.157797,0.33,2.31,606,2536
Target_Child,65,Post_annotation,0.333894,0.0,0.83,606,2536
Target_Child,65,Inter,14.827548,12.05,17.66,606,2536
Target_Child,65,Inter_annotation,14.501088,11.72,17.33,606,2536
Target_Child,61,Duplicate,2.41992,1.38,3.57,868,3773
Target_Child,61,Duplicate_annotation,1.503495,0.81,2.42,868,3773
Target_Child,61,Pre,5.528543,3.92,7.26,868,3773
Target_Child,61,Pre_annotation,4.613402,3.23,6.11,868,3773
Target_Child,61,Post,1.495684,0.69,2.42,868,3773
Target_Child,61,Post_annotation,0.232572,0.0,0.58,868,3773
Target_Child,61,Inter,13.927144,11.64,16.36,868,3773
Target_Child,61,Inter_annotation,13.811350000000001,11.52,16.13,868,3773
Target_Child,46,Duplicate,1.224362,0.75,1.76,1877,8723
Target_Child,46,Duplicate_annotation,0.477541,0.21,0.8,1877,8723
Target_Child,46,Pre,3.6191969999999998,2.77,4.53,1877,8723
Target_Child,46,Pre_annotation,2.446146,1.76,3.2,1877,8723
Target_Child,46,Post,1.600221,1.07,2.18,1877,8723
Target_Child,46,Post_annotation,0.430051,0.16,0.75,1877,8723
Target_Child,46,Inter,15.768198,14.17,17.47,1877,8723
Target_Child,46,Inter_annotation,15.714495,14.12,17.42,1877,8723
Target_Child,71,Duplicate,2.062599,0.88,3.39,679,2909
Target_Child,71,Duplicate_annotation,1.325867,0.59,2.21,679,2909
Target_Child,71,Pre,3.230778,1.91,4.57,679,2909
Target_Child,71,Pre_annotation,2.789333,1.62,4.12,679,2909
Target_Child,71,Post,1.033689,0.15,2.21,679,2909
Target_Child,71,Post_annotation,0.0,0.0,0.0,679,2909
Target_Child,71,Inter,10.153568,7.95,12.52,679,2909
Target_Child,71,Inter_annotation,10.004583,7.81,12.37,679,2909
Target_Child,62,Duplicate,0.479776,0.12,0.97,829,3516
Target_Child,62,Duplicate_annotation,0.358909,0.0,0.84,829,3516
Target_Child,62,Pre,3.737199,2.53,5.19,829,3516
Target_Child,62,Pre_annotation,3.130686,2.05,4.34,829,3516
Target_Child,62,Post,1.082511,0.48,1.81,829,3516
Target_Child,62,Post_annotation,0.35692799999999997,0.0,0.84,829,3516
Target_Child,62,Inter,13.511065,11.22,15.92,829,3516
Target_Child,62,Inter_annotation,13.389919,11.1,15.8,829,3516
Parent,13,Duplicate,1.966666,1.37,2.73,4322,22936
Parent,13,Duplicate_annotation,1.157375,0.83,1.5,4322,22936
Parent,13,Pre,2.844869,2.34,3.38,4322,22936
Parent,13,Pre_annotation,2.452634,1.99,2.94,4322,22936
Parent,13,Post,2.061873,1.43,2.89,4322,22936
Parent,13,Post_annotation,0.43995,0.25,0.65,4322,22936
Parent,13,Inter,8.606362,7.77,9.46,4322,22936
Parent,13,Inter_annotation,8.3983,7.57,9.25,4322,22936
Parent,23,Duplicate,1.608818,1.15,2.13,3049,13816
Parent,23,Duplicate_annotation,1.315156,0.92,1.77,3049,13816
Parent,23,Pre,3.966888,3.21,4.76,3049,13816
Parent,23,Pre_annotation,3.311611,2.66,4.0,3049,13816
Parent,23,Post,1.147114,0.79,1.54,3049,13816
Parent,23,Post_annotation,0.262119,0.1,0.46,3049,13816
Parent,23,Inter,7.8417959999999995,6.92,8.79,3049,13816
Parent,23,Inter_annotation,7.8417959999999995,6.92,8.79,3049,13816
Parent,32,Duplicate,1.32226,0.95,1.7,3700,16041
Parent,32,Duplicate_annotation,0.835041,0.57,1.14,3700,16041
Parent,32,Pre,4.158411,3.51,4.84,3700,16041
Parent,32,Pre_annotation,3.184103,2.62,3.76,3700,16041
Parent,32,Post,1.595889,1.22,2.0,3700,16041
Parent,32,Post_annotation,0.13583800000000001,0.03,0.27,3700,16041
Parent,32,Inter,11.616289,10.62,12.65,3700,16041
Parent,32,Inter_annotation,11.507994,10.51,12.51,3700,16041
Parent,57,Duplicate,1.889947,1.62,2.17,12058,54090
Parent,57,Duplicate_annotation,0.954493,0.77,1.14,12058,54090
Parent,57,Pre,5.245429,4.83,5.68,12058,54090
Parent,57,Pre_annotation,3.770624,3.43,4.12,12058,54090
Parent,57,Post,1.898963,1.65,2.16,12058,54090
Parent,57,Post_annotation,0.380851,0.27,0.5,12058,54090
Parent,57,Inter,12.368387,11.78,12.97,12058,54090
Parent,57,Inter_annotation,12.194269,11.62,12.79,12058,54090
Parent,6,Duplicate,0.85003,0.24,1.59,820,4389
Parent,6,Duplicate_annotation,0.487937,0.12,0.98,820,4389
Parent,6,Pre,0.85314,0.24,1.46,820,4389
Parent,6,Pre_annotation,0.491163,0.12,0.98,820,4389
Parent,6,Post,1.220773,0.49,2.07,820,4389
Parent,6,Post_annotation,0.121353,0.0,0.37,820,4389
Parent,6,Inter,3.049317,1.95,4.27,820,4389
Parent,6,Inter_annotation,2.686691,1.71,3.9,820,4389
Parent,42,Duplicate,1.115603,0.59,1.71,1520,6264
Parent,42,Duplicate_annotation,0.590842,0.26,0.99,1520,6264
Parent,42,Pre,4.009261,3.03,5.07,1520,6264
Parent,42,Pre_annotation,2.628489,1.84,3.49,1520,6264
Parent,42,Post,1.44382,0.86,2.17,1520,6264
Parent,42,Post_annotation,0.196489,0.0,0.46,1520,6264
Parent,42,Inter,12.842612,11.18,14.54,1520,6264
Parent,42,Inter_annotation,12.842612,11.18,14.54,1520,6264
Parent,51,Duplicate,1.756752,1.17,2.39,2046,8959
Parent,51,Duplicate_annotation,0.9269040000000001,0.49,1.42,2046,8959
Parent,51,Pre,5.816238,4.79,6.89,2046,8959
Parent,51,Pre_annotation,4.787147,3.86,5.77,2046,8959
Parent,51,Post,1.419195,0.88,2.0,2046,8959
Parent,51,Post_annotation,0.100389,0.0,0.24,2046,8959
Parent,51,Inter,11.52903,10.17,12.9,2046,8959
Parent,51,Inter_annotation,11.43259,10.07,12.81,2046,8959
Parent,8,Duplicate,2.075616,1.2,3.12,1250,7013
Parent,8,Duplicate_annotation,1.67564,0.96,2.4,1250,7013
Parent,8,Pre,2.797304,1.84,3.84,1250,7013
Parent,8,Pre_annotation,2.317504,1.52,3.2,1250,7013
Parent,8,Post,1.283176,0.72,1.92,1250,7013
Parent,8,Post_annotation,0.081896,0.0,0.24,1250,7013
Parent,8,Inter,8.239208,6.72,9.76,1250,7013
Parent,8,Inter_annotation,7.99796,6.56,9.52,1250,7013
Parent,11,Duplicate,1.092591,0.85,1.34,9598,44516
Parent,11,Duplicate_annotation,0.707893,0.54,0.89,9598,44516
Parent,11,Pre,1.956031,1.66,2.27,9598,44516
Parent,11,Pre_annotation,1.425275,1.19,1.67,9598,44516
Parent,11,Post,1.051094,0.84,1.27,9598,44516
Parent,11,Post_annotation,0.147481,0.07,0.23,9598,44516
Parent,11,Inter,9.00256,8.43,9.59,9598,44516
Parent,11,Inter_annotation,8.898442,8.32,9.48,9598,44516
Parent,9,Duplicate,1.416898,0.99,1.9,4161,23941
Parent,9,Duplicate_annotation,0.913314,0.62,1.2,4161,23941
Parent,9,Pre,2.042588,1.59,2.5,4161,23941
Parent,9,Pre_annotation,1.634386,1.25,2.04,4161,23941
Parent,9,Post,1.443593,1.06,1.87,4161,23941
Parent,9,Post_annotation,0.121606,0.02,0.24,4161,23941
Parent,9,Inter,7.402515,6.61,8.22,4161,23941
Parent,9,Inter_annotation,7.305994,6.51,8.1,4161,23941
Parent,34,Duplicate,1.223986,0.86,1.61,3593,14540
Parent,34,Duplicate_annotation,0.891649,0.58,1.22,3593,14540
Parent,34,Pre,4.837231,4.15,5.57,3593,14540
Parent,34,Pre_annotation,3.728085,3.12,4.34,3593,14540
Parent,34,Post,1.722673,1.31,2.14,3593,14540
Parent,34,Post_annotation,0.166212,0.06,0.31,3593,14540
Parent,34,Inter,10.858007,9.85,11.88,3593,14540
Parent,34,Inter_annotation,10.858007,9.85,11.88,3593,14540
Parent,30,Duplicate,1.711266,1.4,2.03,7424,32914
Parent,30,Duplicate_annotation,1.131654,0.89,1.37,7424,32914
Parent,30,Pre,5.228405,4.71,5.78,7424,32914
Parent,30,Pre_annotation,4.285312,3.83,4.77,7424,32914
Parent,30,Post,1.292194,1.04,1.56,7424,32914
Parent,30,Post_annotation,0.269657,0.16,0.39,7424,32914
Parent,30,Inter,10.049868,9.38,10.75,7424,32914
Parent,30,Inter_annotation,9.873925999999999,9.2,10.56,7424,32914
Parent,28,Duplicate,1.491597,1.16,1.83,5238,24168
Parent,28,Duplicate_annotation,0.879607,0.63,1.15,5238,24168
Parent,28,Pre,4.0285,3.49,4.6,5238,24168
Parent,28,Pre_annotation,3.492839,3.0,4.01,5238,24168
Parent,28,Post,1.300036,0.97,1.64,5238,24168
Parent,28,Post_annotation,0.152045,0.06,0.27,5238,24168
Parent,28,Inter,8.512732,7.75,9.28,5238,24168
Parent,28,Inter_annotation,8.43598,7.67,9.2,5238,24168
Parent,24,Duplicate,0.949393,0.76,1.15,12662,58268
Parent,24,Duplicate_annotation,0.585666,0.45,0.73,12662,58268
Parent,24,Pre,2.410132,2.12,2.71,12662,58268
Parent,24,Pre_annotation,1.75456,1.52,2.0,12662,58268
Parent,24,Post,0.838192,0.68,1.0,12662,58268
Parent,24,Post_annotation,0.063751,0.02,0.11,12662,58268
Parent,24,Inter,7.968895,7.51,8.44,12662,58268
Parent,24,Inter_annotation,7.873625,7.42,8.34,12662,58268
Parent,53,Duplicate,1.832875,1.11,2.62,1529,6505
Parent,53,Duplicate_annotation,1.701424,1.05,2.49,1529,6505
Parent,53,Pre,4.962553,3.86,6.15,1529,6505
Parent,53,Pre_annotation,4.244215,3.2,5.36,1529,6505
Parent,53,Post,0.850931,0.46,1.31,1529,6505
Parent,53,Post_annotation,0.197684,0.0,0.46,1529,6505
Parent,53,Inter,11.960043,10.33,13.67,1529,6505
Parent,53,Inter_annotation,11.960043,10.33,13.67,1529,6505
Parent,40,Duplicate,0.962436,0.63,1.37,2704,11361
Parent,40,Duplicate_annotation,0.776262,0.48,1.11,2704,11361
Parent,40,Pre,3.95776,3.25,4.7,2704,11361
Parent,40,Pre_annotation,3.290331,2.66,3.96,2704,11361
Parent,40,Post,1.108508,0.74,1.52,2704,11361
Parent,40,Post_annotation,0.0,0.0,0.0,2704,11361
Parent,40,Inter,11.834424,10.65,13.05,2704,11361
Parent,40,Inter_annotation,11.538168,10.36,12.76,2704,11361
Parent,63,Duplicate,1.605944,0.74,2.59,812,3541
Parent,63,Duplicate_annotation,0.742098,0.25,1.35,812,3541
Parent,63,Pre,4.688055,3.2,6.4,812,3541
Parent,63,Pre_annotation,3.570949,2.34,5.05,812,3541
Parent,63,Post,1.967367,0.99,3.08,812,3541
Parent,63,Post_annotation,0.12166099999999999,0.0,0.37,812,3541
Parent,63,Inter,14.044445,11.7,16.5,812,3541
Parent,63,Inter_annotation,14.044445,11.7,16.5,812,3541
Parent,39,Duplicate,1.559134,1.15,2.01,3836,17883
Parent,39,Duplicate_annotation,0.988132,0.65,1.36,3836,17883
Parent,39,Pre,4.634035,3.94,5.37,3836,17883
Parent,39,Pre_annotation,3.593859,2.97,4.25,3836,17883
Parent,39,Post,0.861311,0.57,1.2,3836,17883
Parent,39,Post_annotation,0.052307,0.0,0.13,3836,17883
Parent,39,Inter,9.849168,8.92,10.79,3836,17883
Parent,39,Inter_annotation,9.745176,8.81,10.69,3836,17883
Parent,43,Duplicate,1.007864,0.58,1.49,2079,9601
Parent,43,Duplicate_annotation,0.671834,0.29,1.11,2079,9601
Parent,43,Pre,4.474286,3.56,5.39,2079,9601
Parent,43,Pre_annotation,3.560964,2.79,4.38,2079,9601
Parent,43,Post,1.200435,0.72,1.73,2079,9601
Parent,43,Post_annotation,0.191217,0.05,0.38,2079,9601
Parent,43,Inter,10.386071,9.09,11.74,2079,9601
Parent,43,Inter_annotation,10.241566,8.95,11.59,2079,9601
Parent,7,Duplicate,1.263289,0.98,1.58,8246,36714
Parent,7,Duplicate_annotation,0.728114,0.55,0.92,8246,36714
Parent,7,Pre,2.339811,1.99,2.7,8246,36714
Parent,7,Pre_annotation,1.625512,1.35,1.9,8246,36714
Parent,7,Post,1.443168,1.15,1.78,8246,36714
Parent,7,Post_annotation,0.157694,0.07,0.24,8246,36714
Parent,7,Inter,8.81085,8.21,9.43,8246,36714
Parent,7,Inter_annotation,8.702072,8.1,9.33,8246,36714
Parent,14,Duplicate,0.87566,0.63,1.16,6146,34696
Parent,14,Duplicate_annotation,0.599467,0.41,0.8,6146,34696
Parent,14,Pre,1.998641,1.64,2.38,6146,34696
Parent,14,Pre_annotation,1.7540769999999999,1.43,2.1,6146,34696
Parent,14,Post,0.910326,0.67,1.17,6146,34696
Parent,14,Post_annotation,0.211709,0.1,0.33,6146,34696
Parent,14,Inter,7.513243,6.87,8.18,6146,34696
Parent,14,Inter_annotation,7.415774,6.77,8.07,6146,34696
Parent,15,Duplicate,0.469721,0.13,0.94,1489,7935
Parent,15,Duplicate_annotation,0.469721,0.13,0.94,1489,7935
Parent,15,Pre,1.676521,1.01,2.42,1489,7935
Parent,15,Pre_annotation,1.541255,0.94,2.22,1489,7935
Parent,15,Post,1.075661,0.6,1.61,1489,7935
Parent,15,Post_annotation,0.067276,0.0,0.2,1489,7935
Parent,15,Inter,5.571135,4.43,6.78,1489,7935
Parent,15,Inter_annotation,5.571135,4.43,6.78,1489,7935
Parent,67,Duplicate,1.535353,0.85,2.39,1298,6087
Parent,67,Duplicate_annotation,0.691666,0.31,1.16,1298,6087
Parent,67,Pre,4.158285,3.08,5.32,1298,6087
Parent,67,Pre_annotation,3.695563,2.7,4.78,1298,6087
Parent,67,Post,2.22588,1.46,3.16,1298,6087
Parent,67,Post_annotation,0.07705,0.0,0.23,1298,6087
Parent,67,Inter,11.311274,9.63,13.1,1298,6087
Parent,67,Inter_annotation,11.311274,9.63,13.1,1298,6087
Parent,41,Duplicate,1.18103,0.65,1.83,1858,7550
Parent,41,Duplicate_annotation,0.913325,0.48,1.4,1858,7550
Parent,41,Pre,5.218265,4.2,6.3,1858,7550
Parent,41,Pre_annotation,4.304706,3.39,5.27,1858,7550
Parent,41,Post,0.86054,0.48,1.29,1858,7550
Parent,41,Post_annotation,0.162554,0.0,0.38,1858,7550
Parent,41,Inter,16.19576,14.53,17.87,1858,7550
Parent,41,Inter_annotation,15.980359,14.37,17.65,1858,7550
Parent,50,Duplicate,1.021046,0.61,1.47,2456,10787
Parent,50,Duplicate_annotation,0.53013,0.24,0.86,2456,10787
Parent,50,Pre,4.235559,3.42,5.09,2456,10787
Parent,50,Pre_annotation,3.420459,2.73,4.15,2456,10787
Parent,50,Post,0.97624,0.61,1.38,2456,10787
Parent,50,Post_annotation,0.119821,0.0,0.29,2456,10787
Parent,50,Inter,11.969237,10.71,13.27,2456,10787
Parent,50,Inter_annotation,11.969237,10.71,13.27,2456,10787
Parent,58,Duplicate,1.016261,0.55,1.56,1282,5415
Parent,58,Duplicate_annotation,0.546223,0.16,1.01,1282,5415
Parent,58,Pre,3.122283,2.18,4.13,1282,5415
Parent,58,Pre_annotation,2.337688,1.56,3.2,1282,5415
Parent,58,Post,1.086303,0.55,1.72,1282,5415
Parent,58,Post_annotation,0.0,0.0,0.0,1282,5415
Parent,58,Inter,13.022249,11.23,14.82,1282,5415
Parent,58,Inter_annotation,12.70758,10.92,14.59,1282,5415
Parent,22,Duplicate,0.722383,0.42,1.05,3061,14824
Parent,22,Duplicate_annotation,0.492562,0.26,0.75,3061,14824
Parent,22,Pre,3.335634,2.71,4.02,3061,14824
Parent,22,Pre_annotation,2.648146,2.09,3.23,3061,14824
Parent,22,Post,1.146974,0.78,1.54,3061,14824
Parent,22,Post_annotation,0.066776,0.0,0.16,3061,14824
Parent,22,Inter,9.547663,8.53,10.58,3061,14824
Parent,22,Inter_annotation,9.384058,8.36,10.42,3061,14824
Parent,10,Duplicate,1.333572,1.07,1.61,7875,39024
Parent,10,Duplicate_annotation,1.016688,0.79,1.26,7875,39024
Parent,10,Pre,2.312653,1.97,2.67,7875,39024
Parent,10,Pre_annotation,1.817591,1.52,2.13,7875,39024
Parent,10,Post,1.167764,0.93,1.43,7875,39024
Parent,10,Post_annotation,0.165794,0.08,0.27,7875,39024
Parent,10,Inter,8.047807,7.48,8.66,7875,39024
Parent,10,Inter_annotation,7.946521,7.37,8.55,7875,39024
Parent,31,Duplicate,1.600061,1.16,2.08,2932,13434
Parent,31,Duplicate_annotation,1.158604,0.78,1.57,2932,13434
Parent,31,Pre,4.563977,3.79,5.35,2932,13434
Parent,31,Pre_annotation,3.713007,3.04,4.43,2932,13434
Parent,31,Post,1.265371,0.89,1.71,2932,13434
Parent,31,Post_annotation,0.10150400000000001,0.0,0.24,2932,13434
Parent,31,Inter,11.894997,10.74,13.1,2932,13434
Parent,31,Inter_annotation,11.792608,10.64,12.99,2932,13434
Parent,27,Duplicate,1.647442,1.22,2.1,3763,17095
Parent,27,Duplicate_annotation,1.357443,0.98,1.73,3763,17095
Parent,27,Pre,4.623846,3.93,5.34,3763,17095
Parent,27,Pre_annotation,3.829126,3.22,4.46,3763,17095
Parent,27,Post,0.849865,0.58,1.17,3763,17095
Parent,27,Post_annotation,0.053318000000000004,0.0,0.13,3763,17095
Parent,27,Inter,10.011819,9.06,10.98,3763,17095
Parent,27,Inter_annotation,9.932698,9.01,10.9,3763,17095
Parent,45,Duplicate,1.775976,1.27,2.33,2829,13322
Parent,45,Duplicate_annotation,1.03125,0.67,1.45,2829,13322
Parent,45,Pre,4.459527,3.71,5.27,2829,13322
Parent,45,Pre_annotation,3.114419,2.47,3.78,2829,13322
Parent,45,Post,1.7368109999999999,1.27,2.26,2829,13322
Parent,45,Post_annotation,0.317035,0.14,0.53,2829,13322
Parent,45,Inter,13.196541999999999,11.95,14.49,2829,13322
Parent,45,Inter_annotation,13.125646,11.88,14.42,2829,13322
Parent,36,Duplicate,1.118684,0.8,1.46,4108,16395
Parent,36,Duplicate_annotation,0.6322180000000001,0.39,0.9,4108,16395
Parent,36,Pre,3.962172,3.36,4.6,4108,16395
Parent,36,Pre_annotation,3.136198,2.6,3.7,4108,16395
Parent,36,Post,1.657327,1.27,2.07,4108,16395
Parent,36,Post_annotation,0.145419,0.05,0.27,4108,16395
Parent,36,Inter,9.614576,8.71,10.52,4108,16395
Parent,36,Inter_annotation,9.420117,8.52,10.3,4108,16395
Parent,37,Duplicate,0.952749,0.6,1.35,2515,9560
Parent,37,Duplicate_annotation,0.756382,0.44,1.11,2515,9560
Parent,37,Pre,3.938705,3.18,4.73,2515,9560
Parent,37,Pre_annotation,3.339159,2.62,4.06,2515,9560
Parent,37,Post,1.346807,0.91,1.83,2515,9560
Parent,37,Post_annotation,0.159496,0.04,0.32,2515,9560
Parent,37,Inter,8.353546,7.28,9.46,2515,9560
Parent,37,Inter_annotation,8.274554,7.2,9.34,2515,9560
Parent,20,Duplicate,1.265581,0.91,1.66,4284,22463
Parent,20,Duplicate_annotation,0.960746,0.68,1.28,4284,22463
Parent,20,Pre,3.27545,2.73,3.85,4284,22463
Parent,20,Pre_annotation,2.806238,2.31,3.34,4284,22463
Parent,20,Post,0.839639,0.58,1.12,4284,22463
Parent,20,Post_annotation,0.09341,0.02,0.19,4284,22463
Parent,20,Inter,7.287032,6.54,8.08,4284,22463
Parent,20,Inter_annotation,7.263836,6.51,8.05,4284,22463
Parent,38,Duplicate,0.8755580000000001,0.56,1.22,3204,12140
Parent,38,Duplicate_annotation,0.563297,0.31,0.84,3204,12140
Parent,38,Pre,3.405998,2.78,4.06,3204,12140
Parent,38,Pre_annotation,2.594074,2.03,3.15,3204,12140
Parent,38,Post,1.031766,0.69,1.4,3204,12140
Parent,38,Post_annotation,0.123868,0.03,0.25,3204,12140
Parent,38,Inter,10.585601,9.55,11.67,3204,12140
Parent,38,Inter_annotation,10.491709,9.46,11.58,3204,12140
Parent,21,Duplicate,0.920211,0.6,1.27,3477,16398
Parent,21,Duplicate_annotation,0.45982,0.23,0.69,3477,16398
Parent,21,Pre,2.785938,2.24,3.36,3477,16398
Parent,21,Pre_annotation,1.923372,1.5,2.39,3477,16398
Parent,21,Post,1.117741,0.78,1.47,3477,16398
Parent,21,Post_annotation,0.11480800000000001,0.03,0.23,3477,16398
Parent,21,Inter,7.539521,6.64,8.46,3477,16398
Parent,21,Inter_annotation,7.453707,6.59,8.34,3477,16398
Parent,12,Duplicate,1.049418,0.72,1.4,4861,26717
Parent,12,Duplicate_annotation,0.698686,0.47,0.95,4861,26717
Parent,12,Pre,1.810509,1.44,2.2,4861,26717
Parent,12,Pre_annotation,1.419597,1.09,1.77,4861,26717
Parent,12,Post,1.458962,1.09,1.85,4861,26717
Parent,12,Post_annotation,0.184239,0.08,0.31,4861,26717
Parent,12,Inter,6.701778,6.01,7.43,4861,26717
Parent,12,Inter_annotation,6.578725,5.9,7.3,4861,26717
Parent,33,Duplicate,0.960093,0.63,1.34,3646,14874
Parent,33,Duplicate_annotation,0.658768,0.41,0.96,3646,14874
Parent,33,Pre,4.201094,3.54,4.91,3646,14874
Parent,33,Pre_annotation,3.706834,3.1,4.36,3646,14874
Parent,33,Post,1.153349,0.8,1.54,3646,14874
Parent,33,Post_annotation,0.081586,0.0,0.19,3646,14874
Parent,33,Inter,9.772251,8.8,10.75,3646,14874
Parent,33,Inter_annotation,9.63467,8.67,10.61,3646,14874
Parent,54,Duplicate,2.055595,1.39,2.79,1794,7923
Parent,54,Duplicate_annotation,1.28055,0.78,1.84,1794,7923
Parent,54,Pre,5.404861,4.35,6.52,1794,7923
Parent,54,Pre_annotation,3.955477,3.07,4.91,1794,7923
Parent,54,Post,1.503344,0.95,2.12,1794,7923
Parent,54,Post_annotation,0.22243200000000002,0.06,0.45,1794,7923
Parent,54,Inter,12.816451,11.26,14.38,1794,7923
Parent,54,Inter_annotation,12.651665,11.15,14.16,1794,7923
Parent,18,Duplicate,0.835281,0.61,1.07,5874,29975
Parent,18,Duplicate_annotation,0.578916,0.39,0.78,5874,29975
Parent,18,Pre,2.232271,1.87,2.62,5874,29975
Parent,18,Pre_annotation,1.6519759999999999,1.33,1.97,5874,29975
Parent,18,Post,0.936585,0.7,1.19,5874,29975
Parent,18,Post_annotation,0.152875,0.07,0.26,5874,29975
Parent,18,Inter,7.404864,6.74,8.07,5874,29975
Parent,18,Inter_annotation,7.336211,6.67,8.0,5874,29975
Parent,72,Duplicate,0.406094,0.0,1.02,488,2616
Parent,72,Duplicate_annotation,0.202231,0.0,0.61,488,2616
Parent,72,Pre,2.864302,1.43,4.51,488,2616
Parent,72,Pre_annotation,2.24812,1.02,3.69,488,2616
Parent,72,Post,1.02373,0.2,2.05,488,2616
Parent,72,Post_annotation,0.200333,0.0,0.61,488,2616
Parent,72,Inter,7.564377,5.33,10.04,488,2616
Parent,72,Inter_annotation,7.564377,5.33,10.04,488,2616
Parent,52,Duplicate,0.927632,0.5,1.42,1406,5718
Parent,52,Duplicate_annotation,0.785063,0.36,1.28,1406,5718
Parent,52,Pre,4.845295,3.7,6.05,1406,5718
Parent,52,Pre_annotation,3.779492,2.77,4.84,1406,5718
Parent,52,Post,0.851793,0.43,1.35,1406,5718
Parent,52,Post_annotation,0.139747,0.0,0.36,1406,5718
Parent,52,Inter,10.176897,8.61,11.81,1406,5718
Parent,52,Inter_annotation,10.105044,8.61,11.74,1406,5718
Parent,19,Duplicate,1.621735,1.19,2.11,3275,16975
Parent,19,Duplicate_annotation,1.102857,0.76,1.5,3275,16975
Parent,19,Pre,3.666834,3.02,4.37,3275,16975
Parent,19,Pre_annotation,2.753486,2.2,3.33,3275,16975
Parent,19,Post,1.13048,0.73,1.59,3275,16975
Parent,19,Post_annotation,0.181122,0.06,0.34,3275,16975
Parent,19,Inter,8.255205,7.33,9.22,3275,16975
Parent,19,Inter_annotation,8.162814,7.24,9.13,3275,16975
Parent,17,Duplicate,0.9271010000000001,0.51,1.4,2150,10658
Parent,17,Duplicate_annotation,0.64976,0.33,1.02,2150,10658
Parent,17,Pre,3.064128,2.33,3.81,2150,10658
Parent,17,Pre_annotation,2.648319,2.0,3.35,2150,10658
Parent,17,Post,1.02036,0.6,1.44,2150,10658
Parent,17,Post_annotation,0.278929,0.09,0.51,2150,10658
Parent,17,Inter,6.090326,5.12,7.12,2150,10658
Parent,17,Inter_annotation,5.905603,4.93,6.93,2150,10658
Parent,48,Duplicate,1.107768,0.68,1.59,3078,14240
Parent,48,Duplicate_annotation,0.520573,0.26,0.84,3078,14240
Parent,48,Pre,3.545958,2.86,4.29,3078,14240
Parent,48,Pre_annotation,2.700053,2.11,3.31,3078,14240
Parent,48,Post,0.873966,0.55,1.23,3078,14240
Parent,48,Post_annotation,0.030466,0.0,0.1,3078,14240
Parent,48,Inter,10.516239,9.45,11.6,3078,14240
Parent,48,Inter_annotation,10.386224,9.32,11.47,3078,14240
Parent,49,Duplicate,1.025498,0.62,1.49,1947,8121
Parent,49,Duplicate_annotation,0.768435,0.41,1.18,1947,8121
Parent,49,Pre,4.981304,4.01,6.01,1947,8121
Parent,49,Pre_annotation,4.109256,3.24,5.03,1947,8121
Parent,49,Post,1.129652,0.67,1.64,1947,8121
Parent,49,Post_annotation,0.203827,0.05,0.41,1947,8121
Parent,49,Inter,10.022862,8.68,11.35,1947,8121
Parent,49,Inter_annotation,9.971703,8.68,11.3,1947,8121
Parent,56,Duplicate,0.744868,0.33,1.24,1205,5453
Parent,56,Duplicate_annotation,0.412553,0.08,0.83,1205,5453
Parent,56,Pre,3.736889,2.66,4.9,1205,5453
Parent,56,Pre_annotation,2.570909,1.74,3.49,1205,5453
Parent,56,Post,1.074801,0.5,1.74,1205,5453
Parent,56,Post_annotation,0.082972,0.0,0.25,1205,5453
Parent,56,Inter,10.467037,8.8,12.2,1205,5453
Parent,56,Inter_annotation,10.301169999999999,8.63,12.03,1205,5453
Parent,66,Duplicate,2.452893,1.52,3.47,1182,5346
Parent,66,Duplicate_annotation,1.101285,0.59,1.78,1182,5346
Parent,66,Pre,4.736178,3.55,6.01,1182,5346
Parent,66,Pre_annotation,3.13422,2.2,4.15,1182,5346
Parent,66,Post,2.204833,1.44,3.05,1182,5346
Parent,66,Post_annotation,0.166683,0.0,0.42,1182,5346
Parent,66,Inter,13.198348,11.25,15.23,1182,5346
Parent,66,Inter_annotation,13.198348,11.25,15.23,1182,5346
Parent,59,Duplicate,1.29034,0.8,1.89,2011,9331
Parent,59,Duplicate_annotation,0.647167,0.3,0.99,2011,9331
Parent,59,Pre,4.423625,3.53,5.42,2011,9331
Parent,59,Pre_annotation,3.380601,2.59,4.23,2011,9331
Parent,59,Post,1.146453,0.7,1.64,2011,9331
Parent,59,Post_annotation,0.150855,0.0,0.35,2011,9331
Parent,59,Inter,10.25649,8.95,11.59,2011,9331
Parent,59,Inter_annotation,10.056145,8.75,11.39,2011,9331
Parent,35,Duplicate,1.504993,1.1,1.96,3262,13165
Parent,35,Duplicate_annotation,1.227958,0.86,1.62,3262,13165
Parent,35,Pre,4.63719,3.92,5.4,3262,13165
Parent,35,Pre_annotation,3.717073,3.07,4.38,3262,13165
Parent,35,Post,1.591076,1.16,2.02,3262,13165
Parent,35,Post_annotation,0.120693,0.03,0.25,3262,13165
Parent,35,Inter,10.734376,9.69,11.83,3262,13165
Parent,35,Inter_annotation,10.642209,9.6,11.71,3262,13165
Parent,69,Duplicate,1.045799,0.52,1.65,1149,5275
Parent,69,Duplicate_annotation,0.782382,0.35,1.31,1149,5275
Parent,69,Pre,3.8241330000000002,2.7,4.96,1149,5275
Parent,69,Pre_annotation,2.954493,2.0,4.0,1149,5275
Parent,69,Post,1.911679,1.13,2.79,1149,5275
Parent,69,Post_annotation,0.174586,0.0,0.44,1149,5275
Parent,69,Inter,10.785347,9.05,12.62,1149,5275
Parent,69,Inter_annotation,10.52323,8.79,12.36,1149,5275
Parent,47,Duplicate,1.156306,0.68,1.68,1903,8598
Parent,47,Duplicate_annotation,0.895192,0.47,1.37,1903,8598
Parent,47,Pre,4.406715,3.47,5.41,1903,8598
Parent,47,Pre_annotation,3.359951,2.52,4.26,1903,8598
Parent,47,Post,0.997237,0.58,1.47,1903,8598
Parent,47,Post_annotation,0.053179000000000004,0.0,0.16,1903,8598
Parent,47,Inter,9.666638,8.36,10.98,1903,8598
Parent,47,Inter_annotation,9.561529,8.25,10.88,1903,8598
Parent,44,Duplicate,1.212608,0.77,1.69,2479,10392
Parent,44,Duplicate_annotation,0.851795,0.52,1.21,2479,10392
Parent,44,Pre,4.523648,3.71,5.41,2479,10392
Parent,44,Pre_annotation,3.436966,2.7,4.2,2479,10392
Parent,44,Post,1.16991,0.77,1.61,2479,10392
Parent,44,Post_annotation,0.16037300000000002,0.04,0.32,2479,10392
Parent,44,Inter,13.062579,11.78,14.4,2479,10392
Parent,44,Inter_annotation,12.821152,11.54,14.2,2479,10392
Parent,64,Duplicate,2.076829,1.09,3.16,918,4076
Parent,64,Duplicate_annotation,0.76405,0.22,1.42,918,4076
Parent,64,Pre,3.282359,2.18,4.47,918,4076
Parent,64,Pre_annotation,2.079868,1.2,3.05,918,4076
Parent,64,Post,3.169007,1.96,4.47,918,4076
Parent,64,Post_annotation,0.543587,0.11,1.09,918,4076
Parent,64,Inter,11.437935,9.48,13.51,918,4076
Parent,64,Inter_annotation,11.437935,9.48,13.51,918,4076
Parent,55,Duplicate,0.94964,0.48,1.48,1684,6982
Parent,55,Duplicate_annotation,0.7123659999999999,0.36,1.13,1684,6982
Parent,55,Pre,3.67622,2.79,4.63,1684,6982
Parent,55,Pre_annotation,2.846883,2.08,3.68,1684,6982
Parent,55,Post,0.9498989999999999,0.48,1.48,1684,6982
Parent,55,Post_annotation,0.060371999999999995,0.0,0.18,1684,6982
Parent,55,Inter,9.79567,8.37,11.28,1684,6982
Parent,55,Inter_annotation,9.736494,8.31,11.22,1684,6982
Parent,29,Duplicate,1.340359,1.03,1.69,5449,23823
Parent,29,Duplicate_annotation,0.862928,0.61,1.14,5449,23823
Parent,29,Pre,4.114391,3.54,4.7,5449,23823
Parent,29,Pre_annotation,3.104752,2.64,3.6,5449,23823
Parent,29,Post,1.101534,0.83,1.39,5449,23823
Parent,29,Post_annotation,0.129147,0.04,0.24,5449,23823
Parent,29,Inter,9.910361,9.14,10.7,5449,23823
Parent,29,Inter_annotation,9.635073,8.86,10.41,5449,23823
Parent,70,Duplicate,0.644389,0.18,1.1,1088,4948
Parent,70,Duplicate_annotation,0.552283,0.18,1.01,1088,4948
Parent,70,Pre,3.398477,2.39,4.5,1088,4948
Parent,70,Pre_annotation,2.296804,1.47,3.22,1088,4948
Parent,70,Post,1.561624,0.83,2.3,1088,4948
Parent,70,Post_annotation,0.18337900000000001,0.0,0.46,1088,4948
Parent,70,Inter,10.568336,8.82,12.41,1088,4948
Parent,70,Inter_annotation,10.47734,8.73,12.32,1088,4948
Parent,26,Duplicate,0.888515,0.58,1.22,3602,15552
Parent,26,Duplicate_annotation,0.66532,0.42,0.94,3602,15552
Parent,26,Pre,3.307393,2.75,3.91,3602,15552
Parent,26,Pre_annotation,2.416319,1.92,2.94,3602,15552
Parent,26,Post,1.189831,0.86,1.55,3602,15552
Parent,26,Post_annotation,0.083009,0.0,0.19,3602,15552
Parent,26,Inter,8.392645,7.5,9.33,3602,15552
Parent,26,Inter_annotation,8.280959,7.38,9.19,3602,15552
Parent,25,Duplicate,1.197301,0.86,1.57,4084,17780
Parent,25,Duplicate_annotation,0.684978,0.44,0.95,4084,17780
Parent,25,Pre,3.327303,2.79,3.92,4084,17780
Parent,25,Pre_annotation,2.619879,2.13,3.13,4084,17780
Parent,25,Post,1.587853,1.22,1.98,4084,17780
Parent,25,Post_annotation,0.145665,0.05,0.27,4084,17780
Parent,25,Inter,8.912153,8.03,9.79,4084,17780
Parent,25,Inter_annotation,8.814232,7.96,9.7,4084,17780
Parent,61,Duplicate,1.809351,0.82,2.96,609,2786
Parent,61,Duplicate_annotation,1.1542379999999999,0.33,2.13,609,2786
Parent,61,Pre,4.76969,3.12,6.57,609,2786
Parent,61,Pre_annotation,4.110537,2.63,5.75,609,2786
Parent,61,Post,0.655121,0.16,1.31,609,2786
Parent,61,Post_annotation,0.0,0.0,0.0,609,2786
Parent,61,Inter,10.020280999999999,7.72,12.32,609,2786
Parent,61,Inter_annotation,9.855338999999999,7.55,12.15,609,2786
Parent,60,Duplicate,0.516327,0.13,1.03,778,3503
Parent,60,Duplicate_annotation,0.13061,0.0,0.39,778,3503
Parent,60,Pre,3.726123,2.44,5.14,778,3503
Parent,60,Pre_annotation,2.568852,1.54,3.73,778,3503
Parent,60,Post,1.535912,0.77,2.44,778,3503
Parent,60,Post_annotation,0.257513,0.0,0.64,778,3503
Parent,60,Inter,8.851933,6.94,10.93,778,3503
Parent,60,Inter_annotation,8.851933,6.94,10.93,778,3503
Parent,46,Duplicate,1.971223,1.38,2.61,2181,9621
Parent,46,Duplicate_annotation,1.010202,0.64,1.47,2181,9621
Parent,46,Pre,5.095348,4.17,6.1,2181,9621
Parent,46,Pre_annotation,3.993952,3.16,4.86,2181,9621
Parent,46,Post,1.420931,0.92,1.97,2181,9621
Parent,46,Post_annotation,0.322286,0.09,0.6,2181,9621
Parent,46,Inter,12.294817,10.96,13.66,2181,9621
Parent,46,Inter_annotation,12.202895,10.87,13.57,2181,9621
Parent,68,Duplicate,3.360077,2.12,4.61,803,3749
Parent,68,Duplicate_annotation,1.746957,0.87,2.74,803,3749
Parent,68,Pre,4.864448,3.36,6.35,803,3749
Parent,68,Pre_annotation,3.8621570000000003,2.62,5.23,803,3749
Parent,68,Post,2.857986,1.74,4.11,803,3749
Parent,68,Post_annotation,0.498789,0.12,1.0,803,3749
Parent,68,Inter,8.844237,6.97,10.83,803,3749
Parent,68,Inter_annotation,8.720865,6.85,10.71,803,3749
Parent,71,Duplicate,0.809587,0.16,1.62,618,3020
Parent,71,Duplicate_annotation,0.487837,0.0,1.13,618,3020
Parent,71,Pre,4.531945,2.91,6.31,618,3020
Parent,71,Pre_annotation,3.8854130000000002,2.43,5.5,618,3020
Parent,71,Post,2.909995,1.62,4.37,618,3020
Parent,71,Post_annotation,0.0,0.0,0.0,618,3020
Parent,71,Inter,9.574534,7.28,11.97,618,3020
Parent,71,Inter_annotation,8.762044,6.63,11.0,618,3020
Parent,62,Duplicate,1.5470140000000001,0.7,2.52,715,2950
Parent,62,Duplicate_annotation,0.98413,0.28,1.68,715,2950
Parent,62,Pre,5.175865,3.64,6.99,715,2950
Parent,62,Pre_annotation,4.195421,2.8,5.73,715,2950
Parent,62,Post,1.121344,0.42,2.1,715,2950
Parent,62,Post_annotation,0.280266,0.0,0.7,715,2950
Parent,62,Inter,11.633713,9.37,14.13,715,2950
Parent,62,Inter_annotation,11.073249,8.81,13.43,715,2950
Parent,65,Duplicate,1.359653,0.6,2.26,665,2866
Parent,65,Duplicate_annotation,1.059409,0.3,1.95,665,2866
Parent,65,Pre,3.914808,2.56,5.41,665,2866
Parent,65,Pre_annotation,2.863984,1.65,4.21,665,2866
Parent,65,Post,1.807882,0.9,2.86,665,2866
Parent,65,Post_annotation,0.15245999999999998,0.0,0.45,665,2866
Parent,65,Inter,11.440679,9.02,13.83,665,2866
Parent,65,Inter_annotation,11.440679,9.02,13.83,665,2866
Parent,16,Duplicate,0.9158000000000001,0.36,1.55,1096,5423
Parent,16,Duplicate_annotation,0.733741,0.27,1.28,1096,5423
Parent,16,Pre,2.462855,1.55,3.47,1096,5423
Parent,16,Pre_annotation,2.279847,1.46,3.19,1096,5423
Parent,16,Post,0.908577,0.36,1.55,1096,5423
Parent,16,Post_annotation,0.180967,0.0,0.46,1096,5423
Parent,16,Inter,3.479034,2.46,4.56,1096,5423
Parent,16,Inter_annotation,3.479034,2.46,4.56,1096,5423
Parent,5,Duplicate,0.871479,0.0,2.61,115,622
Parent,5,Duplicate_annotation,0.871479,0.0,2.61,115,622
Parent,5,Pre,1.73652,0.0,4.35,115,622
Parent,5,Pre_annotation,1.73652,0.0,4.35,115,622
Parent,5,Post,1.727211,0.0,4.35,115,622
Parent,5,Post_annotation,0.0,0.0,0.0,115,622
Parent,5,Inter,3.477732,0.87,6.96,115,622
Parent,5,Inter_annotation,3.477732,0.87,6.96,115,622
Parent,3,Duplicate,0.0,0.0,0.0,32,124
Parent,3,Duplicate_annotation,0.0,0.0,0.0,32,124
Parent,3,Pre,0.0,0.0,0.0,32,124
Parent,3,Pre_annotation,0.0,0.0,0.0,32,124
Parent,3,Post,3.128725,0.0,9.38,32,124
Parent,3,Post_annotation,0.0,0.0,0.0,32,124
Parent,3,Inter,0.0,0.0,0.0,32,124
Parent,3,Inter_annotation,0.0,0.0,0.0,32,124
